{"num_types": 36, "xmax": 29, "ymax": 14, "num_stations": 12, "station_positions": [[3, 0], [7, 0], [11, 0], [15, 0], [19, 0], [23, 0], [3, 13], [7, 13], [11, 13], [15, 13], [19, 13], [23, 13]], "assignment": {"0": [[2, 11]], "1": [[17, 2]], "2": [[8, 11]], "3": [[20, 8]], "4": [[14, 2]], "5": [[14, 11]], "6": [[14, 8]], "7": [[26, 8]], "8": [[5, 5]], "9": [[5, 2]], "10": [[8, 5]], "11": [[11, 5]], "12": [[11, 2]], "13": [[11, 11]], "14": [[23, 8]], "15": [[20, 11]], "16": [[26, 5]], "17": [[20, 5]], "18": [[17, 8]], "19": [[17, 5]], "20": [[11, 8]], "21": [[23, 2]], "22": [[23, 11]], "23": [[14, 5]], "24": [[2, 2]], "25": [[2, 5]], "26": [[5, 8]], "27": [[2, 8]], "28": [[17, 11]], "29": [[8, 2]], "30": [[23, 5]], "31": [[5, 11]], "32": [[8, 8]], "33": [[26, 2]], "34": [[26, 11]], "35": [[20, 2]]}, "probability": [[0.00847457627118644, 0.0, 0.046610169491525424, 0.02824858757062147, 0.0480225988700565, 0.022598870056497175, 0.005649717514124294, 0.007062146892655367, 0.03248587570621469, 0.043785310734463276, 0.04519774011299435, 0.029661016949152543, 0.043785310734463276, 0.014124293785310734, 0.01977401129943503, 0.026836158192090395, 0.01977401129943503, 0.007062146892655367, 0.0211864406779661, 0.0480225988700565, 0.0480225988700565, 0.03248587570621469, 0.03389830508474576, 0.02401129943502825, 0.03531073446327684, 0.0480225988700565, 0.04096045197740113, 0.00423728813559322, 0.04096045197740113, 0.026836158192090395, 0.007062146892655367, 0.046610169491525424, 0.029661016949152543, 0.0, 0.03389830508474576, 0.029661016949152543], [0.02613240418118467, 0.059233449477351915, 0.04529616724738676, 0.013937282229965157, 0.04529616724738676, 0.03484320557491289, 0.03484320557491289, 0.02613240418118467, 0.05226480836236934, 0.04878048780487805, 0.03832752613240418, 0.05226480836236934, 0.02264808362369338, 0.008710801393728223, 0.0156794425087108, 0.005226480836236934, 0.006968641114982578, 0.041811846689895474, 0.005226480836236934, 0.0017421602787456446, 0.04529616724738676, 0.006968641114982578, 0.003484320557491289, 0.029616724738675958, 0.005226480836236934, 0.0313588850174216, 0.050522648083623695, 0.017421602787456445, 0.005226480836236934, 0.050522648083623695, 0.04355400696864112, 0.04355400696864112, 0.03832752613240418, 0.03832752613240418, 0.0017421602787456446, 0.003484320557491289], [0.0456490727532097, 0.02282453637660485, 0.0014265335235378032, 0.007132667617689016, 0.047075606276747506, 0.039942938659058486, 0.039942938659058486, 0.009985734664764621, 0.02282453637660485, 0.029957203994293864, 0.03566333808844508, 0.03138373751783167, 0.024251069900142655, 0.028530670470756064, 0.028530670470756064, 0.019971469329529243, 0.021398002853067047, 0.02710413694721826, 0.039942938659058486, 0.034236804564907276, 0.03566333808844508, 0.007132667617689016, 0.025677603423680456, 0.008559201141226819, 0.04992867332382311, 0.04992867332382311, 0.03138373751783167, 0.03138373751783167, 0.008559201141226819, 0.03281027104136947, 0.009985734664764621, 0.014265335235378032, 0.03566333808844508, 0.034236804564907276, 0.018544935805991442, 0.04850213980028531], [0.01950354609929078, 0.05851063829787234, 0.0035460992907801418, 0.031914893617021274, 0.03723404255319149, 0.005319148936170213, 0.026595744680851064, 0.014184397163120567, 0.0035460992907801418, 0.024822695035460994, 0.024822695035460994, 0.051418439716312055, 0.04609929078014184, 0.026595744680851064, 0.0035460992907801418, 0.010638297872340425, 0.040780141843971635, 0.01773049645390071, 0.044326241134751775, 0.005319148936170213, 0.06028368794326241, 0.02304964539007092, 0.015957446808510637, 0.05673758865248227, 0.026595744680851064, 0.026595744680851064, 0.0070921985815602835, 0.0035460992907801418, 0.02127659574468085, 0.05851063829787234, 0.04964539007092199, 0.008865248226950355, 0.05319148936170213, 0.012411347517730497, 0.03368794326241135, 0.04609929078014184], [0.0, 0.030710172744721688, 0.02111324376199616, 0.05950095969289827, 0.0345489443378119, 0.044145873320537425, 0.009596928982725527, 0.04222648752399232, 0.028790786948176585, 0.015355086372360844, 0.046065259117082535, 0.015355086372360844, 0.04990403071017274, 0.02495201535508637, 0.0345489443378119, 0.05758157389635317, 0.015355086372360844, 0.02495201535508637, 0.0345489443378119, 0.05182341650671785, 0.05758157389635317, 0.05182341650671785, 0.02111324376199616, 0.0, 0.01727447216890595, 0.0, 0.003838771593090211, 0.01727447216890595, 0.02111324376199616, 0.03262955854126679, 0.015355086372360844, 0.007677543186180422, 0.036468330134357005, 0.007677543186180422, 0.015355086372360844, 0.053742802303262956], [0.009104704097116844, 0.042488619119878605, 0.019726858877086494, 0.019726858877086494, 0.051593323216995446, 0.03793626707132018, 0.04704097116843703, 0.036418816388467376, 0.012139605462822459, 0.025796661608497723, 0.006069802731411229, 0.018209408194233688, 0.042488619119878605, 0.021244309559939303, 0.05311077389984825, 0.04400606980273141, 0.010622154779969651, 0.04400606980273141, 0.007587253414264037, 0.048558421851289835, 0.0, 0.03490136570561457, 0.04552352048558422, 0.030349013657056147, 0.0409711684370258, 0.0030349013657056147, 0.028831562974203338, 0.021244309559939303, 0.05311077389984825, 0.0015174506828528073, 0.030349013657056147, 0.02276176024279211, 0.0030349013657056147, 0.03186646433990895, 0.009104704097116844, 0.04552352048558422], [0.034220532319391636, 0.005703422053231939, 0.043726235741444866, 0.005703422053231939, 0.011406844106463879, 0.005703422053231939, 0.03802281368821293, 0.028517110266159697, 0.039923954372623575, 0.03612167300380228, 0.017110266159695818, 0.026615969581749048, 0.03802281368821293, 0.03802281368821293, 0.03802281368821293, 0.03612167300380228, 0.015209125475285171, 0.011406844106463879, 0.051330798479087454, 0.009505703422053232, 0.06653992395437262, 0.019011406844106463, 0.04752851711026616, 0.0019011406844106464, 0.039923954372623575, 0.03802281368821293, 0.06653992395437262, 0.013307984790874524, 0.019011406844106463, 0.005703422053231939, 0.011406844106463879, 0.045627376425855515, 0.06273764258555133, 0.005703422053231939, 0.0076045627376425855, 0.019011406844106463], [0.01669449081803005, 0.00667779632721202, 0.018363939899833055, 0.015025041736227046, 0.001669449081803005, 0.05843071786310518, 0.04006677796327212, 0.03005008347245409, 0.04006677796327212, 0.035058430717863104, 0.0333889816360601, 0.02671118530884808, 0.001669449081803005, 0.05676126878130217, 0.028380634390651086, 0.048414023372287146, 0.03171953255425709, 0.03672787979966611, 0.0, 0.05676126878130217, 0.02003338898163606, 0.00333889816360601, 0.01335559265442404, 0.03171953255425709, 0.02337228714524207, 0.045075125208681135, 0.05843071786310518, 0.038397328881469114, 0.05342237061769616, 0.025041736227045076, 0.015025041736227046, 0.03005008347245409, 0.035058430717863104, 0.011686143572621035, 0.011686143572621035, 0.001669449081803005], [0.033576642335766425, 0.0072992700729927005, 0.024817518248175182, 0.035036496350364967, 0.043795620437956206, 0.051094890510948905, 0.026277372262773723, 0.03795620437956204, 0.0072992700729927005, 0.010218978102189781, 0.03795620437956204, 0.051094890510948905, 0.033576642335766425, 0.051094890510948905, 0.0072992700729927005, 0.029197080291970802, 0.00583941605839416, 0.02335766423357664, 0.01897810218978102, 0.013138686131386862, 0.049635036496350364, 0.00145985401459854, 0.024817518248175182, 0.0364963503649635, 0.008759124087591242, 0.016058394160583942, 0.029197080291970802, 0.026277372262773723, 0.0364963503649635, 0.035036496350364967, 0.029197080291970802, 0.04525547445255475, 0.04817518248175182, 0.014598540145985401, 0.042335766423357665, 0.0072992700729927005], [0.011782032400589101, 0.05154639175257732, 0.036818851251840944, 0.042709867452135494, 0.03240058910162003, 0.045655375552282766, 0.039764359351988215, 0.0014727540500736377, 0.005891016200294551, 0.039764359351988215, 0.01914580265095729, 0.008836524300441826, 